{
	"format_version": "1.8.0",
	"animations": {
		"ice_slash": {
			"animation_length": 0.5,
			"bones": {
				"right_arm": {
					"rotation": {
						"0.0": {
							"vector": [0, 0, 0]
						},
						"0.1042": {
							"vector": [-77.3343, -64.45894, -0.17796]
						},
						"0.3522": {
							"vector": [-77.3343, -64.45894, -0.17796]
						},
						"0.3958": {
							"vector": [-120.0844, 64.41955, -27.58848]
						},
						"0.4258": {
							"vector": [-120.0844, 64.41955, -27.58848]
						}
					}
				},
				"body": {
					"rotation": {
						"0.08335": {
							"vector": [0, 0, 0]
						},
						"0.1875": {
							"vector": [0, 167.12, 0]
						},
						"0.35665": {
							"vector": [0, 360, 0]
						},
						"0.35667": {
							"vector": [0, 360, 0]
						},
						"0.35668": [0, 0, 0]
					}
				},
				"torso": {
					"rotation": {
						"0.0": {
							"vector": [0, 0, 0]
						},
						"0.14585": {
							"vector": [0, 0, 0]
						},
						"0.5": {
							"vector": [0, 0, 0]
						}
					}
				},
				"right_leg": {
					"rotation": {
						"0.08335": {
							"vector": [0, 0, 0]
						},
						"0.14585": {
							"vector": [17.5, 0, 0]
						},
						"0.47915": {
							"vector": [0, 0, 0]
						}
					}
				},
				"rightItem": {
					"rotation": {
						"0.0": [0, 0, 0],
						"0.0833": {
							"vector": [-90, 0, -90]
						}
					}
				}
			}
		},
		"in_fog": {
			"animation_length": 0.5,
			"bones": {
				"right_arm": {
					"rotation": {
						"0.0": {
							"vector": [0, 0, 0]
						},
						"0.1667": {
							"vector": [-124.87926, -32.79775, 32.73241]
						}
					}
				},
				"left_arm": {
					"rotation": {
						"0.0": {
							"vector": [0, 0, 0]
						},
						"0.1667": {
							"vector": [-175, 0, 0]
						}
					}
				}
			}
		}
	}
}